,accuracy,loss
0,0.705125,0.5456870914009633
1,0.7158125,0.5423412642875919
2,0.7003125,0.5330362730447669
3,0.716,0.529899856101838
4,0.712125,0.525503549164976
