,accuracy,loss
0,0.70425,0.5447727458531736
1,0.7069375,0.5325369872087613
2,0.717625,0.5318125627697445
3,0.7201875,0.5218604353315314
4,0.7234375,0.5233171189766742
