,accuracy,loss
0,0.688625,0.5555013340341136
1,0.7073125,0.5340406191573711
2,0.7123125,0.5327791274904361
3,0.730875,0.5531520271103764
4,0.7306875,0.525039417414635
