,accuracy,loss
0,0.7188125,0.5268287582944613
1,0.7339375,0.5098414224908338
2,0.744,0.5048099978866522
3,0.7428125,0.5162245771882881
4,0.74525,0.4930938310381548
