,accuracy,loss
0,0.705375,0.542721921424265
1,0.726,0.5241066807077441
2,0.7251875,0.537604545949871
