,accuracy,loss
0,0.66575,0.5686826981186168
1,0.70175,0.5303434222378419
2,0.6933125,0.5182251837779186
