,accuracy,loss
0,0.66525,0.6771385007822537
1,0.7235,0.6016802857252769
2,0.7051875,0.5284168303218248
