,accuracy,loss
0,0.70575,0.5391587236658087
1,0.73425,0.5047930648707843
2,0.7455,0.49025434174522525
