,accuracy,loss
0,0.5106,0.6957633805811405
1,0.5082,0.749246112640202
2,0.5306,1.0977754685125896
3,0.5342,1.4259504345142917
4,0.532,1.8247432221579896
5,0.5198,3.411219622735425
