,accuracy,loss
0,0.70875,0.5353493090526026
1,0.728,0.5224091491957952
2,0.726125,0.5156602145020807
3,0.7328125,0.5112963490632974
4,0.7329375,0.5088346772266523
