,accuracy,loss
0,0.7408125,0.4813977691201726
1,0.7636875,0.457816698398281
2,0.67225,0.8294324718188727
3,0.743625,0.5034555939047787
4,0.7604375,0.5528409196693101
