,accuracy,loss
0,0.488,1.3951604170011132
1,0.5076,0.871000875228623
2,0.513,0.8159223313343419
3,0.5096,1.1371735364475484
4,0.506,1.5300909899333113
5,0.5062,1.4740075020543315
