,accuracy,loss
0,0.508,6.82615125276223
1,0.509,3.9656060868009546
2,0.4978,0.9681048642342154
3,0.489,24.945503496552835
4,0.492,3.321439260654531
5,0.4916,2.9703719597960143
