,accuracy,loss
0,0.817125,0.37910037923130724
1,0.833125,0.3643759642850499
2,0.83675,0.37080059828900996
3,0.8223125,0.37330969011561205
4,0.8209375,0.43350238086184995
5,0.8325625,0.396137394798325
