,accuracy,loss
0,0.4856,1.369944703275943
1,0.4934,1.4108934363940566
2,0.497,0.9745740631779772
3,0.5116,0.9686311394303481
4,0.4908,1.312889745602047
5,0.4918,1.6896843204665886
