,accuracy,loss
0,0.84325,0.3682977040061096
1,0.716875,1.0419493326780114
2,0.8306875,0.4724636997441843
3,0.8414375,0.3760203317166442
4,0.8218125,0.6554559150421513
5,0.708125,2.663296412706013
