,accuracy,loss
0,0.713875,0.5338793862774037
1,0.724125,0.5218556639224408
2,0.7294375,0.5149555852200719
3,0.725875,0.5152602381556936
4,0.7368125,0.5106023715447519
