,accuracy,loss
0,0.695625,0.5609499517034273
1,0.692125,0.6471508702777792
2,0.6848125,0.5468206559167593
3,0.7085625,0.5469764614110463
