,accuracy,loss
0,0.648,0.5793479824335082
1,0.7185625,0.5585693355978001
2,0.7155625,0.5298439724866184
