,accuracy,loss
0,0.7008125,0.5602741152346135
1,0.732125,0.5168316956372874
2,0.7370625,0.5048377455533773
3,0.730625,0.524006607186282
