,accuracy,loss
0,0.7264375,0.4936315876587469
1,0.7485625,0.4765118104647263
2,0.5226875,2.1233694242048533
3,0.7515,0.47746192502076157
