,accuracy,loss
0,0.6761875,0.5585402972891461
1,0.7003125,0.5388186415350065
2,0.7065625,0.5305783431852469
3,0.698875,0.5294825747869327
