,accuracy,loss
0,0.6728125,0.5656646856021252
1,0.711375,0.532419657178034
2,0.71725,0.49622976067190755
3,0.595375,0.6667622752744282
4,0.7783125,0.49903982713023654
