,accuracy,loss
0,0.7290625,0.543103570965577
1,0.778125,0.4779174151796469
2,0.765625,0.45355872304159495
3,0.46025,10.476087763603573
4,0.5666875,13.844093473903543
