,accuracy,loss
0,0.7589375,0.5171486087429221
1,0.7759375,0.45412144584100317
2,0.7774375,0.4445893850646171
3,0.7775625,0.4442920000243175
4,0.77175,0.4469551277145074
