,accuracy,loss
0,0.731125,0.5357852047317428
1,0.728875,0.5172141520820732
2,0.733875,0.5110664043378783
3,0.7330625,0.5087464573448378
4,0.737875,0.5023124720521737
